<?xml version="1.0" encoding="utf-8"?>

<!--
@name     Consistent Pricing|Journal
@author   Andrii Burkatskyi, ocmod.space@gmail.com
@version  1.0.2
@link     https://www.ocmod.space/consistent-pricing
@link     https://github.com/ocmod-space/ocmod-consistent-pricing
@licence  https://raw.githubusercontent.com/ocmod-space/ocmod-consistent-pricing/main/EULA.txt
-->

<modification>
    <name>#ocmod.space: consistent-pricing|journal</name>
    <code>consistent-pricing--journal</code>
    <version>1.0.2</version>
    <author>Andrii Burkatskyi</author>
    <link>https://www.opencart.com/index.php?route=marketplace/extension&amp;filter_member=ocmod.space</link>

    <file path="admin/controller/extension/module/consistent_pricing.php" error="log">
        <operation error="log">
            <search>
                <![CDATA[$trigger = 'catalog/model/extension/shipping/*/getQuote/after';]]>
            </search>
            <add position="before"><![CDATA[
		/// << consistent-pricing|journal

		$names = [
			'getProduct',
			// 'getProducts',
			'getRelatedProducts',
			'getRelatedProductsByCategory',
			'getRelatedProductsByManufacturer',
			'getAlsoBoughtProducts',
			'getRecentlyViewedProducts',
			'getMostViewedProducts',
		];

		foreach ($names as $name) {
			$trigger = 'catalog/model/journal3/product/' . $name . '/after';
			$action = $this->mroute . '/updateProductList';
			$this->{$event_model}->addEvent($event, $trigger, $action);
		}

		$trigger = 'catalog/model/journal3/product/getProductOptionValues/after';
		$action = $this->mroute . '/updateProductOptions';
		$this->{$event_model}->addEvent($event, $trigger, $action);

		/// >> consistent-pricing|journal]]></add>
        </operation>
    </file>

	<file path="catalog/controller/extension/module/consistent_pricing.php">
        <operation error="log" info="">
            <search><![CDATA[in_array($option['type'], ['select', 'checkbox', 'radio'])]]></search>
            <add position="before"><![CDATA[
							/// << consistent-pricing|journal
							if ($route == 'journal3/product/getProductOptionValues' && isset($option['price'])) {
								$option['price'] *= $cpc;

								continue;
							}
							/// >> consistent-pricing|journal]]>
			</add>
        </operation>
    </file>

	<file path="system/library/journal3/opencart/modulecontroller.php">
        <operation error="log" info="cache workaround (3.1.12)">
            <ignoreif regex="false"><![CDATA[$cache = $this->journal3->cache->get($this->module_type . '.' . $this->module_id);]]></ignoreif>
            <search><![CDATA[$this->_cache_key = $this->module_type . '.' . $this->module_id;]]></search>
            <add position="after"><![CDATA[
		/// << consistent-pricing|journal
		if ($this->module_type == 'products') {
			$this->journal3->cache->delete($this->_cache_key);
			$this->_cache = false;
		}
		/// >> consistent-pricing|journal]]>
			</add>
        </operation>
        <operation error="log" info="cache workaround (3.1.12.6)">
            <ignoreif regex="false"><![CDATA[$this->_cache_key = $this->module_type . '.' . $this->module_id;]]></ignoreif>
            <search><![CDATA[$cache = $this->journal3->cache->get($this->module_type . '.' . $this->module_id);]]></search>
            <add position="after"><![CDATA[
		/// << consistent-pricing|journal
		if ($this->module_type == 'products') {
			$this->journal3->cache->delete($this->module_type . '.' . $this->module_id);
		}
		/// >> consistent-pricing|journal]]>
			</add>
        </operation>
    </file>

</modification>
