<?xml version="1.0" encoding="utf-8"?>

<!--
@name     Consistent Pricing|X Discount
@author   Andrii Burkatskyi, ocmod.space@gmail.com
@version  1.0.0
@link     https://www.opencart.com/index.php?route=marketplace/extension/info&extension_id=44968
@link     https://github.com/ocmod-space/ocmod-consistent-pricing
@licence  https://raw.githubusercontent.com/ocmod-space/ocmod-consistent-pricing/main/EULA.txt
-->

<modification>
    <name>_ocmod.space: consistent-pricing|x-discount</name>
    <code>consistent-pricing--x-discount</code>
    <version>1.0.0</version>
    <author>Andrii Burkatskyi</author>
    <link>https://www.opencart.com/index.php?route=marketplace/extension&amp;filter_member=ocmod.space</link>

    <file path="catalog/controller/extension/module/consistent_pricing.php" error="log">
        <operation error="log">
            <search>
                <![CDATA[$product['_cpp_'] = true;]]>
            </search>
            <add position="before"><![CDATA[
				/// << consistent-pricing|x-discount
				if (!empty($product['ocm_price'])) {
					$product['ocm_price'] *= $cpc;
				}
				/// >> consistent-pricing|x-discount]]></add>
        </operation>
    </file>

    <file path="system/library/cart/cart.php" error="log">
        <operation error="log">
            <search>
                <![CDATA[$option_price *= $cpc;]]>
            </search>
            <add position="after">
                <![CDATA[							/// << consistent-pricing|x-discount
							if (property_exists($this, 'ocmprice')) {
								$product_query->row['price'] *= $cpc;
								$product_special_query->row ? $product_special_query->row['price'] * $cpc: 0;
								$product_discount_query->row ? $product_discount_query->row['price'] * $cpc : 0;
							}
							/// >> consistent-pricing|x-discount]]>
            </add>
        </operation>
    </file>
</modification>
