<?xml version="1.0" encoding="utf-8"?>

<!--
@name     OpenCart
@package  Consistent Pricing
@author   Andrii Burkatskyi aka 4ndr116, <ocmod.space@gmail.com>
@version  1.0.3
@link     https://www.opencart.com/index.php?route=marketplace/extension/info&extension_id=44968
@link     https://www.opencart.com/index.php?route=marketplace/extension&filter_member=ocmod.space
@link     https://github.com/ocmod-space/ocmod-consistent-pricing
@licence  https://raw.githubusercontent.com/ocmod-space/ocmod-consistent-pricing/main/EULA.en.txt
-->

<modification>
    <name>/ocmod.space/consistent_pricing__journal3</name>
    <code>consistent_pricing__journal3</code>
    <version>1.0.3</version>
    <author>Andrii Burkatskyi aka 4ndr116</author>
    <link>https://www.opencart.com/index.php?route=marketplace/extension&amp;filter_member=ocmod.space</link>

    <file path="admin/controller/extension/module/consistent_pricing.php" error="log">
        <operation error="log">
            <search>
                <![CDATA[$trigger = 'catalog/model/extension/shipping/*/getQuote/after';]]>
            </search>
            <add position="before"><![CDATA[
		/// <<< /ocmod.space/consistent_pricing__journal3

		$names = [
			'getProduct',
			// 'getProducts',
			'getRelatedProducts',
			'getRelatedProductsByCategory',
			'getRelatedProductsByManufacturer',
			'getAlsoBoughtProducts',
			'getRecentlyViewedProducts',
			'getMostViewedProducts',
		];

		foreach ($names as $name) {
			$trigger = "catalog/model/journal3/product/{$name}/after";
			$action = "{$this->mod->route()}/updateProductList";
			$this->{$event_model}->addEvent($event_code, $trigger, $action);
		}

		$trigger = 'catalog/model/journal3/product/getProductOptionValues/after';
		$action = "{$this->mod->route()}/updateProductOptions";
		$this->{$event_model}->addEvent($event_code, $trigger, $action);

		/// >>> /ocmod.space/consistent_pricing__journal3]]></add>
        </operation>
    </file>

	<file path="catalog/controller/extension/module/consistent_pricing.php">
        <operation error="log" info="">
            <search><![CDATA[in_array($option['type'], ['select', 'checkbox', 'radio'])]]></search>
            <add position="before"><![CDATA[
							/// /ocmod.space/consistent_pricing__journal3
							if ($route == 'journal3/product/getProductOptionValues' && isset($option['price'])) {
								$option['price'] *= $cc;

								continue;
							}]]>
			</add>
        </operation>
    </file>

	<file path="system/library/journal3/opencart/modulecontroller.php">
        <operation error="log" info="cache workaround (3.1.12)">
            <ignoreif regex="false"><![CDATA[$cache = $this->journal3->cache->get($this->module_type . '.' . $this->module_id);]]></ignoreif>
            <search><![CDATA[$this->_cache_key = $this->module_type . '.' . $this->module_id;]]></search>
            <add position="after"><![CDATA[
		/// /ocmod.space/consistent_pricing__journal3
		if ($this->module_type == 'products') {
			$this->journal3->cache->delete($this->_cache_key);
			$this->_cache = false;
		}]]>
			</add>
        </operation>
        <operation error="log" info="cache workaround (3.1.12.6)">
            <ignoreif regex="false"><![CDATA[$this->_cache_key = $this->module_type . '.' . $this->module_id;]]></ignoreif>
            <search><![CDATA[$cache = $this->journal3->cache->get($this->module_type . '.' . $this->module_id);]]></search>
            <add position="after"><![CDATA[
		/// /ocmod.space/consistent_pricing__journal3
		if ($this->module_type == 'products') {
			$this->journal3->cache->delete($this->module_type . '.' . $this->module_id);
		}]]>
			</add>
        </operation>
    </file>

</modification>
