<?xml version="1.0" encoding="utf-8"?>

<!--
@name     OpenCart
@package  Consistent Pricing
@author   ocmod.space, <ocmod.space@gmail.com>
@version  1.1.1
@link     https://www.opencart.com/index.php?route=marketplace/extension/info&extension_id=44968
@link     https://www.opencart.com/index.php?route=marketplace/extension&filter_member=ocmod.space
@link     https://github.com/ocmod-space/ocmod-consistent-pricing
@license  https://raw.githubusercontent.com/ocmod-space/ocmod-consistent-pricing/main/EULA.en.txt
-->

<modification>
    <name>~/ocmod.space/consistent_pricing/xdiscount</name>
    <code>consistent_pricing__xdiscount</code>
    <version>1.1.1</version>
    <author>ocmod.space</author>
    <link>https://www.opencart.com/index.php?route=marketplace/extension&amp;filter_member=ocmod.space</link>

    <file path="catalog/controller/extension/module/consistent_pricing.php" error="log">
        <operation error="log">
            <search>
                <![CDATA[$product['_cpp_'] = true;]]>
            </search>
            <add position="before"><![CDATA[
				/// <<< /ocmod.space/consistent_pricing/xdiscount
				if (!empty($product['ocm_price'])) {
					$product['ocm_price'] *= $cc;
				}
				/// >>> /ocmod.space/consistent_pricing/xdiscount]]></add>
        </operation>
    </file>

    <file path="system/library/cart/cart.php" error="log">
        <operation error="log">
            <search>
                <![CDATA[$option_price *= $cc;]]>
            </search>
            <add position="after">
                <![CDATA[							/// <<< consistent-pricing|x-discount
							if (property_exists($this, 'ocmprice')) {
								$product_query->row['price'] *= $cc;
								$product_special_query->row ? $product_special_query->row['price'] * $cc: 0;
								$product_discount_query->row ? $product_discount_query->row['price'] * $cc : 0;
							}
							/// >>> consistent-pricing|x-discount]]>
            </add>
        </operation>
    </file>
</modification>
